{
    "match_id": 2499794,
    "label_match": "Manchester City - Stoke City , 7 - 2",
    "info": "Name: Manchester City\nType: DiGraph\nNumber of nodes: 14\nNumber of edges: 144\nAverage in degree:  10.2857\nAverage out degree:  10.2857",
    "density": 0.7912087912087912,
    "degree": {
        "Gabriel Jesus": 15,
        "Fernandinho": 23,
        "F. Delph": 24,
        "J. Stones": 25,
        "K. De Bruyne": 19,
        "N. Otamendi": 24,
        "R. Sterling": 24,
        "David Silva": 24,
        "K. Walker": 21,
        "Ederson": 13,
        "L. San\u00e9": 20,
        "\u0130. G\u00fcndo\u011fan": 20,
        "Bernardo Silva": 17,
        "Y. Tour\u00e9": 19
    },
    "avarage_degree": 20.571428571428573,
    "in_degree": {
        "Gabriel Jesus": 8,
        "Fernandinho": 11,
        "F. Delph": 12,
        "J. Stones": 12,
        "K. De Bruyne": 10,
        "N. Otamendi": 11,
        "R. Sterling": 12,
        "David Silva": 12,
        "K. Walker": 11,
        "Ederson": 7,
        "L. San\u00e9": 10,
        "\u0130. G\u00fcndo\u011fan": 10,
        "Bernardo Silva": 8,
        "Y. Tour\u00e9": 10
    },
    "out_degree": {
        "Gabriel Jesus": 7,
        "Fernandinho": 12,
        "F. Delph": 12,
        "J. Stones": 13,
        "K. De Bruyne": 9,
        "N. Otamendi": 13,
        "R. Sterling": 12,
        "David Silva": 12,
        "K. Walker": 10,
        "Ederson": 6,
        "L. San\u00e9": 10,
        "\u0130. G\u00fcndo\u011fan": 10,
        "Bernardo Silva": 9,
        "Y. Tour\u00e9": 9
    },
    "degree_centrality": {
        "Gabriel Jesus": 1.153846153846154,
        "Fernandinho": 1.7692307692307694,
        "F. Delph": 1.8461538461538463,
        "J. Stones": 1.9230769230769231,
        "K. De Bruyne": 1.4615384615384617,
        "N. Otamendi": 1.8461538461538463,
        "R. Sterling": 1.8461538461538463,
        "David Silva": 1.8461538461538463,
        "K. Walker": 1.6153846153846154,
        "Ederson": 1.0,
        "L. San\u00e9": 1.5384615384615385,
        "\u0130. G\u00fcndo\u011fan": 1.5384615384615385,
        "Bernardo Silva": 1.3076923076923077,
        "Y. Tour\u00e9": 1.4615384615384617
    },
    "avarage_degree_centrality": 1.5824175824175826,
    "in_degree_centrality": {
        "Gabriel Jesus": 0.6153846153846154,
        "Fernandinho": 0.8461538461538463,
        "F. Delph": 0.9230769230769231,
        "J. Stones": 0.9230769230769231,
        "K. De Bruyne": 0.7692307692307693,
        "N. Otamendi": 0.8461538461538463,
        "R. Sterling": 0.9230769230769231,
        "David Silva": 0.9230769230769231,
        "K. Walker": 0.8461538461538463,
        "Ederson": 0.5384615384615385,
        "L. San\u00e9": 0.7692307692307693,
        "\u0130. G\u00fcndo\u011fan": 0.7692307692307693,
        "Bernardo Silva": 0.6153846153846154,
        "Y. Tour\u00e9": 0.7692307692307693
    },
    "out_degree_centrality": {
        "Gabriel Jesus": 0.5384615384615385,
        "Fernandinho": 0.9230769230769231,
        "F. Delph": 0.9230769230769231,
        "J. Stones": 1.0,
        "K. De Bruyne": 0.6923076923076923,
        "N. Otamendi": 1.0,
        "R. Sterling": 0.9230769230769231,
        "David Silva": 0.9230769230769231,
        "K. Walker": 0.7692307692307693,
        "Ederson": 0.46153846153846156,
        "L. San\u00e9": 0.7692307692307693,
        "\u0130. G\u00fcndo\u011fan": 0.7692307692307693,
        "Bernardo Silva": 0.6923076923076923,
        "Y. Tour\u00e9": 0.6923076923076923
    },
    "closeness_centrality": {
        "Gabriel Jesus": 0.7222222222222222,
        "Fernandinho": 0.8666666666666667,
        "F. Delph": 0.9285714285714286,
        "J. Stones": 0.9285714285714286,
        "K. De Bruyne": 0.8125,
        "N. Otamendi": 0.8666666666666667,
        "R. Sterling": 0.9285714285714286,
        "David Silva": 0.9285714285714286,
        "K. Walker": 0.8666666666666667,
        "Ederson": 0.6842105263157895,
        "L. San\u00e9": 0.8125,
        "\u0130. G\u00fcndo\u011fan": 0.8125,
        "Bernardo Silva": 0.7222222222222222,
        "Y. Tour\u00e9": 0.8125
    },
    "betweenness_centrality": {
        "Gabriel Jesus": 0.001282051282051282,
        "Fernandinho": 0.027663308913308912,
        "F. Delph": 0.029929792429792424,
        "J. Stones": 0.035645604395604394,
        "K. De Bruyne": 0.011233211233211233,
        "N. Otamendi": 0.02853327228327228,
        "R. Sterling": 0.028060134310134308,
        "David Silva": 0.02297771672771673,
        "K. Walker": 0.016613247863247863,
        "Ederson": 0.0036401098901098898,
        "L. San\u00e9": 0.013392857142857144,
        "\u0130. G\u00fcndo\u011fan": 0.007440476190476191,
        "Bernardo Silva": 0.00347985347985348,
        "Y. Tour\u00e9": 0.013698107448107445
    },
    "pagerank": {
        "Gabriel Jesus": 0.03871535591615546,
        "Fernandinho": 0.09395198543310256,
        "F. Delph": 0.09498024937443514,
        "J. Stones": 0.11321075188513777,
        "K. De Bruyne": 0.06187005819991043,
        "N. Otamendi": 0.10459099167953492,
        "R. Sterling": 0.06413964159430119,
        "David Silva": 0.09552179986720093,
        "K. Walker": 0.07822974055730889,
        "Ederson": 0.027198739995444657,
        "L. San\u00e9": 0.058426876490228596,
        "\u0130. G\u00fcndo\u011fan": 0.05968555662203326,
        "Bernardo Silva": 0.03392458956908092,
        "Y. Tour\u00e9": 0.07555366281612551
    },
    "edge_connectivity": 6,
    "max-k-core": 16,
    "clustering_coefficient": {
        "Gabriel Jesus": 0.9591836734693877,
        "Fernandinho": 0.7851239669421488,
        "F. Delph": 0.7735849056603774,
        "J. Stones": 0.7604166666666666,
        "K. De Bruyne": 0.8641975308641975,
        "N. Otamendi": 0.7773584905660378,
        "R. Sterling": 0.7886792452830189,
        "David Silva": 0.8106060606060606,
        "K. Walker": 0.8159203980099502,
        "Ederson": 0.8904109589041096,
        "L. San\u00e9": 0.8351648351648352,
        "\u0130. G\u00fcndo\u011fan": 0.8888888888888888,
        "Bernardo Silva": 0.937984496124031,
        "Y. Tour\u00e9": 0.8333333333333334
    },
    "avarage_clustering_coefficient": 0.837203817891646,
    "max clique number": 6,
    "triangles for node": {
        "Gabriel Jesus": 28,
        "Fernandinho": 56,
        "F. Delph": 65,
        "J. Stones": 65,
        "K. De Bruyne": 41,
        "N. Otamendi": 65,
        "R. Sterling": 65,
        "David Silva": 58,
        "K. Walker": 58,
        "Ederson": 26,
        "L. San\u00e9": 58,
        "\u0130. G\u00fcndo\u011fan": 44,
        "Bernardo Silva": 44,
        "Y. Tour\u00e9": 41
    },
    "number_of_triangles": 714,
    "transitivity": 0.8793103448275862
}